{
  "todos": [
    {
      "id": "1",
      "todo": "첫 과제 제출 하기",
      "desc": "이거 어떻게 하는거죠!?",
      "done": false
    },
    {
      "id": "2",
      "todo": "페이커 숭배하기",
      "desc": "여러분 숭배할 시간입니다. 진짜 이번 우승 까지는 안바랍니다! ㅎㅎㅎㅎ",
      "done": false
    },
    {
      "id": "3",
      "todo": "Vue 학습",
      "desc": "Vue 부수기",
      "done": false
    },
    {
      "id": "4",
      "todo": "코테 정복",
      "desc": "취업용 코테 까지만 퐈이팅!!",
      "done": false
    }
  ],
  "users": [
    {
      "id": "12",
      "password": "12"
    }
  ]
}
