<?xml version="1.0" encoding="UTF-8"?>
<!DOCTYPE mapper
        PUBLIC "-//mybatis.org//DTD Mapper 3.0//EN"
        "http://mybatis.org/dtd/mybatis-3-mapper.dtd">
<!--어느 인터페이스의 추상메서드에 이걸 할당할 건지-->
<mapper namespace="org.example.kbspring.mapper.PostMapper">
    <select id="findAll" resultType="PostDto">
        SELECT * FROM posts;
    </select>

    <delete  id="delete">
        DELETE FROM posts WHERE id=#{id};
    </delete>

    <insert id="save">
        INSERT INTO posts(title,content) values(#{title},#{content});
    </insert>

    <select id="findByCond" resultType="PostDto">
        SELECT id,title,content
        FROM posts
        <where>
            <if test="title != null and title !=''">
                AND title LIKE CONCAT('%',#{title},'%')
            </if>
            <if test="content != null and content !=''">
                AND content LIKE CONCAT('%',#{content},'%')
            </if>
        </where>
    </select>

    <delete id="deleteAll">
        DELETE FROM posts2
    </delete>

    <insert id="saveForTest" useGeneratedKeys="true" keyProperty="id">
        insert into posts2 (title, content)
        values (#{title}, #{content});
    </insert>

    <select id="findById" resultType="PostDto">
        SELECT id, title, content
        FROM posts2
        WHERE id = #{id}
    </select>

</mapper>